{
  "model": "gpt-5-nano",
  "request_count": 5825,
  "success_count": 2220,
  "fail_count": 3865,
  "success_rate": 38.11158798283262,
  "input_tokens": 390724,
  "output_tokens": 2624404,
  "total_tokens": 3015128,
  "estimated_cost_usd": 0.14098829999999987
}